Liverpool,85
Manchester City,85
Real Madrid,85
FC Bayern München,84
Paris Saint-Germain,84
Juventus,83
Atlético de Madrid,83
FC Barcelona,83
Tottenham Hotspur,82
Manchester United,82
Inter,82
Chelsea,82
Borussia Dortmund,81
Sevilla FC,81
Arsenal,80
Napoli,80
Lazio,80
Villarreal CF,80
Leicester City,80
RB Leipzig,80
Milan,79
Atalanta,79
Real Sociedad,79
Everton,79
Athletic Club,79
Borussia Mönchengladbach,79
Bayer 04 Leverkusen,79
Wolverhampton Wanderers,79
SL Benfica,79
Ajax,78
Real Betis Balompié,78
FC Porto,78
Olympique Lyonnais,78
West Ham United,78
AS Monaco,78
Roma,78
Sporting CP,78
LOSC Lille,78
VfL Wolfsburg,78
Granada CF,78
Eintracht Frankfurt,77
Getafe CF,77
Valencia CF,77
Aston Villa,77
Olympique de Marseille,77
PSV,76
Levante UD,76
Fiorentina,76
Leeds United,76
Southampton,76
Hertha Berlin,76
Crystal Palace,76
Flamengo,76
Newcastle United,76
D. Alavés,76
OGC Nice,76
CA Osasuna,76
River Plate,76
Olympiacos CFP,76
SD Eibar,76
Torino,76
Boca Juniors,76
TSG Hoffenheim,76
Burnley,76
Stade Rennais FC,76
Atlético Mineiro,75
Montpellier Hérault SC,75
RC Celta,75
Sassuolo,75
São Paulo,75
Tigres de la UANL,75
Galatasaray SK,75
R. Valladolid CF,75
Sampdoria,75
Udinese,75
Feyenoord,75
Cagliari,75
Brighton & Hove Albion,75
RCD Espanyol,75
Club Brugge KV,75
SK Slavia Praha,75
Angers SCO,75
SC Braga,75
Fenerbahçe SK,75
Spartak Moscow,75
Fulham,75
Shakhtar Donetsk,75
Cruz Azul,74
Hellas Verona,74
Rayados de Monterrey,74
Bologna,74
Sport-Club Freiburg,74
Rangers FC,74
Beşiktaş JK,74
RC Strasbourg Alsace,74
Grêmio,74
Palmeiras,74
İstanbul Başakşehir FK,74
FC Schalke 04,74
AZ,74
Watford,74
Parma,74
1. FC Köln,74
PFC CSKA Moscow,74
FC Girondins de Bordeaux,74
SV Werder Bremen,74
FC Augsburg,74
Lokomotiv Moskva,74
AFC Bournemouth,74
Genoa,74
Internacional,74
Dynamo Kyiv,74
Norwich City,73
Cádiz CF,73
Celtic,73
1. FC Union Berlin,73
FC Red Bull Salzburg,73
KRC Genk,73
AS Saint-Étienne,73
Dinamo Zagreb,73
West Bromwich Albion,73
Vélez Sarsfield,73
Club América,73
Club León,73
VfB Stuttgart,73
Santos,73
Al Hilal,73
Stade de Reims,73
SD Huesca,73
PAOK,73
Sparta Praha,73
RC Lens,73
1. FSV Mainz 05,73
Elche CF,73
RCD Mallorca,73
Stade Brestois 29,73
Corinthians,73
FC Nantes,73
Racing Club,73
Sheffield United,73
Nîmes Olympique,73
Club Libertad,73
Royal Antwerp FC,72
Ceará Sporting Club,72
Trabzonspor,72
Brentford,72
UD Almería,72
Club Athletico Paranaense,72
Defensa y Justicia,72
Vitória Guimarães,72
Club Atlético Independiente,72
KAA Gent,72
AEK Athens,72
RSC Anderlecht,72
San Lorenzo de Almagro,72
RB Bragantino,72
Viktoria Plzeň,72
BSC Young Boys,72
DSC Arminia Bielefeld,72
CD Leganés,72
Benevento,72
FC København,72
Standard de Liège,72
Fluminense,72
FC Metz,72
Club Deportivo Guadalajara,71
Inter Miami CF,71
Minnesota United FC,71
Club Universidad Nacional,71
Swansea City,71
Dijon FCO,71
Hamburger SV,71
Çaykur Rizespor,71
Girona FC,71
Fatih Karagümrük SK,71
Seattle Sounders FC,71
Columbus Crew SC,71
FC Basel 1893,71
Portland Timbers,71
Club Atlético Talleres,71
Universidad Católica,71
Crotone,71
AC Monza,71
FC Paços de Ferreira,71
Reading,71
Sporting Charleroi,71
FC Utrecht,71
Demir Grup Sivasspor,71
Alanyaspor,71
Argentinos Juniors,71
Rio Ave FC,71
Fortuna Düsseldorf,71
Colón de Santa Fe,71
FC Lorient,71
Blackburn Rovers,71
Cardiff City,71
LASK,71
R. Sporting,71
Nottingham Forest,71
Panathinaikos FC,71
Atlético Clube Goianiense,71
Fortaleza,71
Club Atlas,71
Club Olimpia,71
Santos Laguna,71
Pachuca,71
"Newell's Old Boys",71
Bahia,71
Rayo Vallecano,71
Orlando City Soccer Club,71
Al Nassr,70
Al Ahli,70
Al Shabab,70
Club Atlético Lanús,70
Club Nacional de Football,70
Antalyaspor,70
Guangzhou Evergrande Taobao FC,70
Kawasaki Frontale,70
Club Tijuana,70
Kasimpaşa SK,70
Rosario Central,70
SK Rapid Wien,70
Jeonbuk Hyundai Motors,70
New York City FC,70
Kayserispor,70
Hannover 96,70
VfL Bochum 1848,70
Middlesbrough,70
Gaziantep FK,70
Deportivo Toluca,70
Stoke City,70
Philadelphia Union,70
Coritiba,70
Boavista FC,70
La Spezia,70
Junior FC,70
Santa Clara,70
Lecce,70
Bristol City,70
Millwall,70
FC Midtjylland,70
Estudiantes de La Plata,70
Chievo Verona,70
Birmingham City,70
Sheffield Wednesday,70
Toronto FC,70
Vitesse,70
Derby County,70
MKE Ankaragücü,70
D.C. United,70
Preston North End,70
LA Galaxy,69
Kashima Antlers,69
Beijing Sinobo Guoan FC,69
Oud-Heverlee Leuven,69
LAFC,69
Mazatlán Fútbol Club,69
SC Heerenveen,69
Shanghai Shenhua,69
Queens Park Rangers,69
Atlanta United FC,69
SPAL,69
Hatayspor,69
R. Oviedo,69
Moreirense FC,69
Fútbol Club Juárez,69
SV Darmstadt 98,69
Gençlerbirliği SK,69
1. FC Heidenheim 1846,69
Club Atlético de San Luis,69
Sporting Kansas City,69
Kaizer Chiefs,69
Holstein Kiel,69
Futebol Clube de Famalicão,69
Colorado Rapids,69
Al Ittihad,69
Vissel Kobe,69
Göztepe SK,69
Goiás,69
SC Paderborn 07,69
KAS Eupen,69
UD Las Palmas,69
SpVgg Greuther Fürth,69
Atlético Tucumán,69
Empoli,69
Molde FK,69
CD Tenerife,69
AJ Auxerre,69
Yeni Malatyaspor,69
Unión de Santa Fe,69
Willem II,69
CD Palestino,69
Orlando Pirates,69
Urawa Red Diamonds,69
Malmö FF,69
Málaga CF,69
Gil Vicente FC,69
Ulsan Hyundai Horang-i,69
Legia Warszawa,69
LDU Quito,69
Brescia,69
Marítimo,69
Yokohama F・Marinos,69
KV Kortrijk,69
1. FC Nürnberg,69
Portimonense SC,69
ESTAC Troyes,69
FC CFR 1907 Cluj,69
Huddersfield Town,69
KV Mechelen,69
Konyaspor,69
Belenenses,69
Luton Town,69
FC Dallas,69
Botafogo,69
SC Farense,69
Toulouse FC,69
Barcelona Sporting Club,69
Banfield,69
Al Ain FC,68
Chicago Fire Soccer Club,68
New England Revolution,68
FC Erzgebirge Aue,68
Vancouver Whitecaps FC,68
SV Zulte Waregem,68
FC Cincinnati,68
SD Ponferradina,68
BB Erzurumspor,68
San Jose Earthquakes,68
K Beerschot VA,68
FC St. Pauli,68
IFK Göteborg,68
Club Cerro Porteño,68
R. Zaragoza,68
F.C. Tokyo,68
FCSB,68
Sint-Truidense VV,68
Nashville SC,68
KV Oostende,68
Impact Montréal,68
Lech Poznań,68
Brøndby IF,68
Gimnasia y Esgrima La Plata,68
CD Nacional,68
New York Red Bulls,68
CD Tondela,68
SV Sandhausen,68
Universitatea Craiova,68
Royal Excel Mouscron,68
FC Luzern,68
SM Caen,68
Sanfrecce Hiroshima,68
Shanghai SIPG FC,68
En Avant Guingamp,68
Karlsruher SC,68
RZ Pellets Wolfsberger AC,68
Rosenborg BK,68
CD Castellón,68
Puebla,68
Club Atlético Peñarol,68
Gamba Osaka,68
Barnsley,68
Club Atlético Huracán,68
Nagoya Grampus,68
Rotherham United,68
Club Necaxa,68
Unión La Calera,68
FC Twente,68
Coventry City,68
Atlético Nacional,68
SK Sturm Graz,68
Independiente del Valle,68
Cerezo Osaka,68
Cercle Brugge,68
Sporting Cristal,68
Real Salt Lake,68
CF Fuenlabrada,68
Deportes Tolima,68
Aarhus AGF,68
FC Groningen,68
Houston Dynamo,68
Amiens SC,68
Shandong Luneng TaiShan FC,68
Gallos Blancos de Querétaro,67
Fortuna Sittard,67
Waasland-Beveren,67
Sydney FC,67
FC Emmen,67
FK Austria Wien,67
FC Sion,67
VVV-Venlo,67
Al Wehda,67
Arsenal de Sarandí,67
The Strongest,67
UD Logroñés,67
Club Atlético Central Córdoba,67
FC Seoul,67
Club Bolívar,67
Servette FC,67
CD Lugo,67
Sparta Rotterdam,67
Hibernian,67
FC Cartagena,67
Universitario de Deportes,67
Hull City,67
Godoy Cruz,67
AC Ajaccio,67
PEC Zwolle,67
VfL Osnabrück,67
CS Emelec,67
Eintracht Braunschweig,67
SSV Jahn Regensburg,67
CD Mirandés,67
FC Sochaux-Montbéliard,67
Kashiwa Reysol,67
Jagiellonia Białystok,67
Shimizu S-Pulse,67
AD Alcorcón,67
Grenoble Foot 38,67
Hammarby IF,67
Club Atlético Aldosivi,67
FC Lugano,67
Oceânico FC,67
Djurgårdens IF,67
AIK,67
Suwon Samsung Bluewings,67
Wycombe Wanderers,67
Patronato,67
Clermont Foot 63,67
Paris FC,67
FK Bodø/Glimt,67
Valenciennes FC,67
Denizlispor,67
Pogoń Szczecin,67
Al Taawoun,66
Henan Jianye FC,66
Deportivo Cali,66
Wuhan Zall Professional FC,66
Shenzhen Kaisa,66
Deportivo La Guaira,66
Al Raed,66
Lechia Gdańsk,66
Peterborough United,66
Rodez Aveyron Football,66
Deportes Antofagasta,66
Chamois Niortais FC,66
FC Ingolstadt 04,66
CE Sabadell FC,66
Sunderland,66
IFK Norrköping,66
Raków Częstochowa,66
Havre AC,66
Al Faisaly,66
Club Deportivo Jorge Wilstermann,66
TSV Prolactal Hartberg,66
Odense Boldklub,66
Viking FK,66
Yokohama FC,66
Ettifaq FC,66
Albacete Balompié,66
Guaireña FC,66
Heracles Almelo,66
Portsmouth,66
Hokkaido Consadole Sapporo,66
Incheon United FC,66
SG Dynamo Dresden,66
Cracovia,66
Charlton Athletic,66
FC Würzburger Kickers,66
RKC Waalwijk,66
ADO Den Haag,66
FC St. Gallen 1879,66
Aalborg BK,66
Universidad Técnica de Cajamarca,66
BK Häcken,66
Pohang Steelers,66
FC Viitorul Constanța,66
América de Cali,66
Sangju Sangmu FC,66
Wisła Kraków,66
FC Zürich,66
Aberdeen,66
TSV 1860 München,65
12 de Octubre FC,65
Melbourne City,65
Al Fateh,65
Daegu FC,65
Western United FC,65
Guabirá,65
FC Flyeralarm Admira,65
La Equidad,65
FC Lausanne-Sport,65
Metropolitanos FC,65
Pau FC,65
WSG Swarovski Tirol,65
SV Guntamatic Ried,65
Ipswich Town,65
Górnik Zabrze,65
1. FC Kaiserslautern,65
GwangJu FC,65
Perth Glory,65
Vegalta Sendai,65
spusu SKN St. Pölten,65
Shonan Bellmare,65
CD Cobresal,65
SC Rheindorf Altach,65
Oxford United,65
Abha Club,65
AFC Astra Giurgiu,65
Piast Gliwice,65
FC Hansa Rostock,65
Carlos A. Mannucci,65
FBC Melgar,65
USL Dunkerque,65
SV Waldhof Mannheim 07,65
AS Nancy Lorraine,65
SK Brann,65
Atlético Palmaflor,65
Livingston FC,65
Śląsk Wrocław,65
Oita Trinita,65
Blackpool,65
SønderjyskE,65
Fleetwood Town,65
Wellington Phoenix,65
IF Elfsborg,65
Sport Huancayo,65
Lincoln City,65
Al Batin,65
Doncaster Rovers,65
Club Always Ready,65
Viktoria Köln,65
SV Wehen Wiesbaden,65
Châteauroux,65
Motherwell,65
Damac FC,65
FC Dinamo 1948,65
St. Johnstone FC,65
FC Nordsjælland,65
Club Nacional,65
Randers FC,65
Sagan Tosu,65
Al Ain (KSA),65
AFC Botoșani,65
Zagłębie Lubin,65
Al Qadisiyah,64
Gangwon FC,64
Hallescher FC,64
Kilmarnock,64
Adelaide United,64
MSV Duisburg,64
Club Atlético Nacional Potosí,64
Guayaquil City,64
FC Academica Clinceni,64
HJK Helsinki,64
Dundee United,64
Independiente Santa Fe,64
SpVgg Unterhaching,64
Sportclub Verl,64
Burton Albion,64
Milton Keynes Dons,64
Western Sydney Wanderers,64
Shrewsbury,64
Gaz Metan Mediaș,64
St. Mirren,64
Crewe Alexandra,64
AFC Chindia Târgoviște,64
FC Voluntari,64
Accrington Stanley,64
Gillingham,64
Plymouth Argyle,64
Wigan Athletic,64
Seongnam FC,64
Odds BK,64
Türkgücü München,64
1. FC Saarbrücken,64
Örebro SK,64
Bristol Rovers,64
Strømsgodset IF,64
Stabæk Fotball,64
Montevideo City Torque,64
Sepsi OSK Sf. Gheorghe,64
Wisła Płock,64
Vålerenga Fotball,64
Deportivo Pasto,64
SV Meppen,64
Lyngby BK,64
Club River Plate Asunción,64
KFC Uerdingen 05,64
Kristiansund BK,64
Sarpsborg 08,64
FC Chambly Oise,64
Rentistas,64
Centro Atlético Fénix,64
Huachipato,64
Vejle Boldklub,64
Guangzhou R&F FC,64
Dalian Professional Football Club,63
FC Argeș Pitești,63
Sociedad Deportiva Aucas,63
FC Bayern München II,63
Deportivo Táchira,63
Warta Poznań,63
Club Social y Deportivo Macará,63
Sandefjord Fotball,63
Bolton Wanderers,63
Kalmar FF,63
Dundalk,63
AFC Wimbledon,63
Podbeskidzie Bielsko-Biała,63
Helsingborgs IF,63
PGE FKS Stal Mielec,63
Salford City,63
IK Sirius,63
FC UTA Arad,63
FSV Zwickau,63
Cangzhou Mighty Lions,63
Macarthur FC,63
AFC Hermannstadt,63
1. FC Magdeburg,63
IK Start,63
Cheltenham Town,63
AC Horsens,63
Swindon Town,63
Northampton Town,63
Östersunds FK,63
Shamrock Rovers,63
Rochdale,63
Melbourne Victory,62
Busan IPark,62
FK Haugesund,62
Exeter City,62
Cambridge United,62
Morecambe,62
Aragua Fútbol Club,62
Leyton Orient,62
Tranmere Rovers,62
VfB Lübeck,62
Brisbane Roar,62
Ross County FC,62
Oldham Athletic,62
Aalesunds FK,62
Academia Puerto Cabello,62
Stevenage,62
Jiangsu FC,62
Varbergs BoIS FC,62
Port Vale,62
Carlisle United,62
Forest Green Rovers,62
Bradford City,62
Hamilton Academical FC,62
Scunthorpe United,62
Crawley Town,62
Colchester United,62
Newport County,62
FC Vaduz,62
Mansfield Town,62
Hebei China Fortune FC,62
CSM Politehnica Iași,62
Central Coast Mariners,61
Mjøndalen IF,61
Mjällby AIF,61
Harrogate Town,61
Walsall,61
Barrow,61
Falkenbergs FF,61
Southend United,61
Newcastle Jets,61
Grimsby Town,61
Cerro Largo,61
Qingdao Huanghai FC,61
Tianjin TEDA FC,60
"St. Patrick's Athletic",60
Chongqing Dangdai Lifan FC SWM Team,60
Bohemian FC,60
Mineros de Guayana,59
Sligo Rovers,59
Finn Harps,58
Derry City,57
Waterford FC,57
Shelbourne FC,56
Cork City,54
Free Agents,0
France,85
Germany,84
Spain,84
Argentina,83
England,83
Belgium,83
Portugal,83
Italy,82
Netherlands,82
Brazil,80
Uruguay,79
Colombia,78
Denmark,78
Switzerland,78
Poland,77
Austria,77
Turkey,77
Czech Republic,77
Norway,76
Mexico,76
Sweden,76
Russia,76
"Côte d'Ivoire",76
Chile,75
Scotland,75
Wales,74
United States,74
Greece,74
Egypt,73
Ecuador,73
Canada,73
Paraguay,73
Romania,73
Republic of Ireland,73
Slovenia,73
Hungary,72
Peru,72
Australia,72
Venezuela,71
China PR,71
South Africa,71
Iceland,71
Finland,71
Cameroon,70
Northern Ireland,70
New Zealand,68
Bulgaria,67
Bolivia,66
India,60
